Step,AgentID,Starting Node,Current Node,Path,Agent Type
1,0,17,17,[17],Student
1,1,598,598,[598],Student
1,2,268,268,[268],Student
1,3,583,583,[583],Student
1,4,40,40,[40],Student
1,5,25,25,[25],Student
1,6,25,25,[25],Student
1,7,600,600,[600],Student
1,8,209,209,[209],Student
1,9,412,412,[412],Student
1,10,624,624,[624],Student
1,11,32,32,[32],Student
1,12,381,381,[381],Student
1,13,237,237,[237],Student
1,14,380,380,[380],Student
1,15,268,268,[268],Student
1,16,626,626,[626],Student
1,17,380,380,[380],Student
1,18,140,140,[140],Student
1,19,9,9,[9],Student
1,20,173,173,[173],Student
1,21,585,585,[585],Student
1,22,25,25,[25],Student
1,23,25,25,[25],Student
1,24,514,514,[514],Student
1,25,9,9,[9],Student
1,26,349,349,[349],Student
1,27,617,617,[617],Student
1,28,619,619,[619],Student
1,29,583,583,[583],Student
1,30,234,234,[234],Student
1,31,377,377,[377],Student
1,32,396,396,[396],Student
1,33,380,380,[380],Student
1,34,291,291,[291],Student
1,35,46,46,[46],Student
1,36,46,46,[46],Student
1,37,25,25,[25],Student
1,38,377,377,[377],Student
1,39,9,9,[9],Student
1,40,9,9,[9],Student
1,41,25,25,[25],Student
1,42,401,401,[401],Student
1,43,514,514,[514],Student
1,44,234,234,[234],Student
1,45,234,234,[234],Student
1,46,379,379,[379],Student
1,47,291,291,[291],Student
1,48,25,25,[25],Student
1,49,600,600,[600],Student
1,50,9,9,[9],Student
1,51,9,9,[9],Student
1,52,515,515,[515],Student
1,53,444,444,[444],Student
1,54,268,268,[268],Student
1,55,25,25,[25],Student
1,56,400,400,[400],Student
1,57,514,514,[514],Student
1,58,514,514,[514],Student
1,59,9,9,[9],Student
1,60,515,515,[515],Student
1,61,28,28,[28],Student
1,62,303,303,[303],Student
1,63,53,53,[53],Student
1,64,53,53,[53],Student
1,65,9,9,[9],Student
1,66,9,9,[9],Student
1,67,600,600,[600],Student
1,68,268,268,[268],Student
1,69,25,25,[25],Student
1,70,400,400,[400],Student
1,71,605,605,[605],Student
1,72,619,619,[619],Student
1,73,140,140,[140],Student
1,74,435,435,[435],Student
1,75,9,9,[9],Student
1,76,349,349,[349],Student
1,77,154,154,[154],Student
1,78,380,380,[380],Student
1,79,53,53,[53],Student
1,80,605,605,[605],Student
1,81,401,401,[401],Student
1,82,25,25,[25],Student
1,83,514,514,[514],Student
1,84,600,600,[600],Student
1,85,25,25,[25],Student
1,86,9,9,[9],Student
1,87,397,397,[397],Student
1,88,11,11,[11],Student
1,89,9,9,[9],Student
1,90,433,433,[433],Student
1,91,11,11,[11],Student
1,92,401,401,[401],Student
1,93,53,53,[53],Student
1,94,583,583,[583],Student
1,95,600,600,[600],Student
1,96,55,55,[55],Student
1,97,9,9,[9],Student
1,98,600,600,[600],Student
1,99,159,159,[159],Student
1,100,25,25,[25],Student
1,101,583,583,[583],Student
1,102,25,25,[25],Student
1,103,378,378,[378],Student
1,104,53,53,[53],Student
1,105,441,441,[441],Student
1,106,140,140,[140],Student
1,107,514,514,[514],Student
1,108,619,619,[619],Student
1,109,237,237,[237],Student
1,110,257,257,[257],Student
1,111,181,181,[181],Student
1,112,263,263,[263],Student
1,113,436,436,[436],Student
1,114,9,9,[9],Student
1,115,234,234,[234],Student
1,116,619,619,[619],Student
1,117,514,514,[514],Student
1,118,515,515,[515],Student
1,119,600,600,[600],Student
1,120,443,443,[443],Student
1,121,445,445,[445],Student
1,122,45,45,[45],Student
1,123,140,140,[140],Student
1,124,398,398,[398],Student
1,125,62,62,[62],Student
1,126,43,43,[43],Student
1,127,229,229,[229],Student
1,128,234,234,[234],Student
1,129,25,25,[25],Student
1,130,490,490,[490],Student
1,131,9,9,[9],Student
1,132,9,9,[9],Student
1,133,25,25,[25],Student
1,134,380,380,[380],Student
1,135,28,28,[28],Student
1,136,436,436,[436],Student
1,137,397,397,[397],Student
1,138,9,9,[9],Student
1,139,435,435,[435],Student
1,140,624,624,[624],Student
1,141,173,173,[173],Student
1,142,619,619,[619],Student
1,143,268,268,[268],Student
1,144,9,9,[9],Student
1,145,514,514,[514],Student
1,146,25,25,[25],Student
1,147,469,469,[469],Student
1,148,229,229,[229],Student
1,149,9,9,[9],Student
1,150,53,53,[53],Student
1,151,53,53,[53],Student
1,152,257,257,[257],Student
1,153,209,209,[209],Student
1,154,25,25,[25],Student
1,155,400,400,[400],Student
1,156,9,9,[9],Student
1,157,583,583,[583],Student
1,158,25,25,[25],Student
1,159,583,583,[583],Student
1,160,413,413,[413],Student
1,161,514,514,[514],Student
1,162,25,25,[25],Student
1,163,303,303,[303],Student
1,164,25,25,[25],Student
1,165,615,615,[615],Student
1,166,514,514,[514],Student
1,167,516,516,[516],Student
1,168,159,159,[159],Student
1,169,12,12,[12],Student
1,170,25,25,[25],Student
1,171,379,379,[379],Student
1,172,441,441,[441],Student
1,173,25,25,[25],Student
1,174,396,396,[396],Student
1,175,515,515,[515],Student
1,176,9,9,[9],Student
1,177,9,9,[9],Student
1,178,159,159,[159],Student
1,179,600,600,[600],Student
1,180,25,25,[25],Student
1,181,9,9,[9],Student
1,182,25,25,[25],Student
1,183,583,583,[583],Student
1,184,9,9,[9],Student
1,185,291,291,[291],Student
1,186,303,303,[303],Student
1,187,585,585,[585],Student
1,188,46,46,[46],Student
1,189,9,9,[9],Student
1,190,29,29,[29],Student
1,191,396,396,[396],Student
1,192,44,44,[44],Student
1,193,40,40,[40],Student
1,194,9,9,[9],Student
1,195,234,234,[234],Student
1,196,584,584,[584],Student
1,197,618,618,[618],Student
1,198,9,9,[9],Student
1,199,25,25,[25],Student
1,200,514,514,[514],Student
1,201,377,377,[377],Student
1,202,42,42,[42],Student
1,203,173,173,[173],Student
1,204,26,26,[26],Student
1,205,268,268,[268],Student
1,206,412,412,[412],Student
1,207,9,9,[9],Student
1,208,514,514,[514],Student
1,209,237,237,[237],Student
1,210,234,234,[234],Student
1,211,9,9,[9],Student
1,212,209,209,[209],Student
1,213,12,12,[12],Student
1,214,441,441,[441],Student
1,215,585,585,[585],Student
1,216,9,9,[9],Student
1,217,159,159,[159],Student
1,218,9,9,[9],Student
1,219,9,9,[9],Student
1,220,230,230,[230],Student
1,221,25,25,[25],Student
1,222,514,514,[514],Student
1,223,9,9,[9],Student
1,224,159,159,[159],Student
1,225,25,25,[25],Student
1,226,9,9,[9],Student
1,227,377,377,[377],Student
1,228,53,53,[53],Student
1,229,40,40,[40],Student
1,230,600,600,[600],Student
1,231,26,26,[26],Student
1,232,515,515,[515],Student
1,233,397,397,[397],Student
1,234,159,159,[159],Student
1,235,435,435,[435],Student
1,236,237,237,[237],Student
1,237,374,374,[374],Student
1,238,9,9,[9],Student
1,239,9,9,[9],Student
1,240,291,291,[291],Student
1,241,55,55,[55],Student
1,242,140,140,[140],Student
1,243,607,607,[607],Student
1,244,9,9,[9],Student
1,245,619,619,[619],Student
1,246,9,9,[9],Student
1,247,9,9,[9],Student
1,248,600,600,[600],Student
1,249,40,40,[40],Student
1,250,443,443,[443],Student
1,251,585,585,[585],Student
1,252,45,45,[45],Student
1,253,209,209,[209],Student
1,254,25,25,[25],Student
1,255,617,617,[617],Student
1,256,441,441,[441],Student
1,257,619,619,[619],Student
1,258,435,435,[435],Student
1,259,25,25,[25],Student
1,260,490,490,[490],Student
1,261,53,53,[53],Student
1,262,233,233,[233],Student
1,263,618,618,[618],Student
1,264,619,619,[619],Student
1,265,173,173,[173],Student
1,266,69,69,[69],Student
1,267,140,140,[140],Student
1,268,9,9,[9],Student
1,269,25,25,[25],Student
1,270,209,209,[209],Student
1,271,380,380,[380],Student
1,272,433,433,[433],Student
1,273,378,378,[378],Student
1,274,377,377,[377],Student
1,275,617,617,[617],Student
1,276,9,9,[9],Student
1,277,27,27,[27],Student
1,278,57,57,[57],Student
1,279,268,268,[268],Student
1,280,618,618,[618],Student
1,281,378,378,[378],Student
1,282,349,349,[349],Student
1,283,25,25,[25],Student
1,284,180,180,[180],Student
1,285,9,9,[9],Student
1,286,25,25,[25],Student
1,287,25,25,[25],Student
1,288,490,490,[490],Student
1,289,9,9,[9],Student
1,290,25,25,[25],Student
1,291,545,545,[545],Student
1,292,159,159,[159],Student
1,293,491,491,[491],Student
1,294,9,9,[9],Student
1,295,380,380,[380],Student
1,296,231,231,[231],Student
1,297,45,45,[45],Student
1,298,9,9,[9],Student
1,299,25,25,[25],Student
1,300,17,17,[17],Student
1,301,617,617,[617],Student
1,302,600,600,[600],Student
1,303,27,27,[27],Student
1,304,9,9,[9],Student
1,305,173,173,[173],Student
1,306,55,55,[55],Student
1,307,378,378,[378],Student
1,308,302,302,[302],Student
1,309,53,53,[53],Student
1,310,585,585,[585],Student
1,311,377,377,[377],Student
1,312,140,140,[140],Student
1,313,70,70,[70],Student
1,314,159,159,[159],Student
1,315,291,291,[291],Student
1,316,9,9,[9],Student
1,317,400,400,[400],Student
1,318,40,40,[40],Student
1,319,9,9,[9],Student
1,320,606,606,[606],Student
1,321,209,209,[209],Student
1,322,619,619,[619],Student
1,323,40,40,[40],Student
1,324,25,25,[25],Student
1,325,41,41,[41],Student
1,326,433,433,[433],Student
1,327,585,585,[585],Student
1,328,9,9,[9],Student
1,329,257,257,[257],Student
1,330,9,9,[9],Student
1,331,291,291,[291],Student
1,332,9,9,[9],Student
1,333,433,433,[433],Student
1,334,600,600,[600],Student
1,335,545,545,[545],Student
1,336,26,26,[26],Student
1,337,25,25,[25],Student
1,338,10,10,[10],Student
1,339,380,380,[380],Student
1,340,9,9,[9],Student
1,341,234,234,[234],Student
1,342,413,413,[413],Student
1,343,598,598,[598],Student
1,344,349,349,[349],Student
1,345,233,233,[233],Student
1,346,380,380,[380],Student
1,347,400,400,[400],Student
1,348,436,436,[436],Student
1,349,9,9,[9],Student
1,350,231,231,[231],Student
1,351,25,25,[25],Student
1,352,40,40,[40],Student
1,353,233,233,[233],Student
1,354,9,9,[9],Student
1,355,377,377,[377],Student
1,356,53,53,[53],Student
1,357,9,9,[9],Student
1,358,490,490,[490],Student
1,359,237,237,[237],Student
1,360,9,9,[9],Student
1,361,9,9,[9],Student
1,362,380,380,[380],Student
1,363,421,421,[421],Student
1,364,619,619,[619],Student
1,365,394,394,[394],Student
1,366,583,583,[583],Student
1,367,234,234,[234],Student
1,368,583,583,[583],Student
1,369,291,291,[291],Student
1,370,173,173,[173],Student
1,371,600,600,[600],Student
1,372,9,9,[9],Student
1,373,421,421,[421],Student
1,374,268,268,[268],Student
1,375,583,583,[583],Student
1,376,235,235,[235],Student
1,377,245,245,[245],Student
1,378,514,514,[514],Student
1,379,154,154,[154],Student
1,380,268,268,[268],Student
1,381,234,234,[234],Student
1,382,245,245,[245],Student
1,383,380,380,[380],Student
1,384,237,237,[237],Student
1,385,25,25,[25],Student
1,386,25,25,[25],Student
1,387,9,9,[9],Student
1,388,9,9,[9],Student
1,389,380,380,[380],Student
1,390,617,617,[617],Student
1,391,304,304,[304],Student
1,392,69,69,[69],Student
1,393,233,233,[233],Student
1,394,9,9,[9],Student
1,395,57,57,[57],Student
1,396,9,9,[9],Student
1,397,585,585,[585],Student
1,398,25,25,[25],Student
1,399,600,600,[600],Student
1,400,619,619,[619],Student
1,401,268,268,[268],Student
1,402,9,9,[9],Student
1,403,600,600,[600],Student
1,404,380,380,[380],Student
1,405,9,9,[9],Student
1,406,43,43,[43],Student
1,407,9,9,[9],Student
1,408,46,46,[46],Student
1,409,237,237,[237],Student
1,410,304,304,[304],Student
1,411,9,9,[9],Student
1,412,28,28,[28],Student
1,413,619,619,[619],Student
1,414,9,9,[9],Student
1,415,617,617,[617],Student
1,416,209,209,[209],Student
1,417,9,9,[9],Student
1,418,25,25,[25],Student
1,419,9,9,[9],Student
1,420,377,377,[377],Student
1,421,159,159,[159],Student
1,422,25,25,[25],Student
1,423,25,25,[25],Student
1,424,583,583,[583],Student
1,425,91,91,[91],Student
1,426,436,436,[436],Student
1,427,619,619,[619],Student
1,428,469,469,[469],Student
1,429,619,619,[619],Student
1,430,9,9,[9],Student
1,431,9,9,[9],Student
1,432,469,469,[469],Student
1,433,436,436,[436],Student
1,434,600,600,[600],Student
1,435,469,469,[469],Student
1,436,380,380,[380],Student
1,437,140,140,[140],Student
1,438,234,234,[234],Student
1,439,25,25,[25],Student
1,440,233,233,[233],Student
1,441,140,140,[140],Student
1,442,43,43,[43],Student
1,443,619,619,[619],Student
1,444,397,397,[397],Student
1,445,441,441,[441],Student
1,446,378,378,[378],Student
1,447,380,380,[380],Student
1,448,17,17,[17],Student
1,449,290,290,[290],Student
1,450,25,25,[25],Student
1,451,9,9,[9],Student
1,452,441,441,[441],Student
1,453,441,441,[441],Student
1,454,421,421,[421],Student
1,455,443,443,[443],Student
1,456,304,304,[304],Student
1,457,9,9,[9],Student
1,458,619,619,[619],Student
1,459,9,9,[9],Student
1,460,441,441,[441],Student
1,461,381,381,[381],Student
1,462,26,26,[26],Student
1,463,9,9,[9],Student
1,464,140,140,[140],Student
1,465,28,28,[28],Student
1,466,9,9,[9],Student
1,467,619,619,[619],Student
1,468,514,514,[514],Student
1,469,25,25,[25],Student
1,470,600,600,[600],Student
1,471,9,9,[9],Student
1,472,236,236,[236],Student
1,473,626,626,[626],Student
1,474,9,9,[9],Student
1,475,9,9,[9],Student
1,476,25,25,[25],Student
1,477,401,401,[401],Student
1,478,9,9,[9],Student
1,479,396,396,[396],Student
1,480,25,25,[25],Student
1,481,229,229,[229],Student
1,482,40,40,[40],Student
1,483,53,53,[53],Student
1,484,600,600,[600],Student
1,485,25,25,[25],Student
1,486,9,9,[9],Student
1,487,610,610,[610],Student
1,488,40,40,[40],Student
1,489,600,600,[600],Student
1,490,25,25,[25],Student
1,491,234,234,[234],Student
1,492,209,209,[209],Student
1,493,206,206,[206],Student
1,494,173,173,[173],Student
1,495,9,9,[9],Student
1,496,435,435,[435],Student
1,497,9,9,[9],Student
1,498,55,55,[55],Student
1,499,9,9,[9],Student
1,500,421,421,[421],Student
1,501,27,27,[27],Student
1,502,69,69,[69],Student
1,503,397,397,[397],Student
1,504,42,42,[42],Student
1,505,9,9,[9],Student
1,506,394,394,[394],Student
1,507,618,618,[618],Student
1,508,25,25,[25],Student
1,509,9,9,[9],Student
1,510,209,209,[209],Student
1,511,380,380,[380],Student
1,512,9,9,[9],Student
1,513,268,268,[268],Student
1,514,53,53,[53],Student
1,515,619,619,[619],Student
1,516,9,9,[9],Student
1,517,619,619,[619],Student
1,518,515,515,[515],Student
1,519,515,515,[515],Student
1,520,378,378,[378],Student
1,521,9,9,[9],Student
1,522,600,600,[600],Student
1,523,9,9,[9],Student
1,524,619,619,[619],Student
1,525,69,69,[69],Student
1,526,25,25,[25],Student
1,527,69,69,[69],Student
1,528,9,9,[9],Student
1,529,25,25,[25],Student
1,530,233,233,[233],Student
1,531,25,25,[25],Student
1,532,209,209,[209],Student
1,533,9,9,[9],Student
1,534,291,291,[291],Student
1,535,25,25,[25],Student
1,536,25,25,[25],Student
1,537,55,55,[55],Student
1,538,9,9,[9],Student
1,539,25,25,[25],Student
1,540,433,433,[433],Student
1,541,545,545,[545],Student
1,542,215,215,[215],Student
1,543,257,257,[257],Student
1,544,433,433,[433],Student
1,545,25,25,[25],Student
1,546,610,610,[610],Student
1,547,583,583,[583],Student
1,548,515,515,[515],Student
1,549,25,25,[25],Student
1,550,41,41,[41],Student
1,551,380,380,[380],Student
1,552,154,154,[154],Student
1,553,56,56,[56],Student
1,554,209,209,[209],Student
1,555,159,159,[159],Student
1,556,600,600,[600],Student
1,557,9,9,[9],Student
1,558,598,598,[598],Student
1,559,25,25,[25],Student
1,560,41,41,[41],Student
1,561,545,545,[545],Student
1,562,583,583,[583],Student
1,563,617,617,[617],Student
1,564,69,69,[69],Student
1,565,25,25,[25],Student
1,566,245,245,[245],Student
1,567,397,397,[397],Student
1,568,234,234,[234],Student
1,569,490,490,[490],Student
1,570,291,291,[291],Student
1,571,209,209,[209],Student
1,572,206,206,[206],Student
1,573,42,42,[42],Student
1,574,380,380,[380],Student
1,575,513,513,[513],Student
1,576,469,469,[469],Student
1,577,583,583,[583],Student
1,578,400,400,[400],Student
1,579,396,396,[396],Student
1,580,268,268,[268],Student
1,581,9,9,[9],Student
1,582,9,9,[9],Student
1,583,619,619,[619],Student
1,584,349,349,[349],Student
1,585,25,25,[25],Student
1,586,9,9,[9],Student
1,587,25,25,[25],Student
1,588,514,514,[514],Student
1,589,514,514,[514],Student
1,590,53,53,[53],Student
1,591,401,401,[401],Student
1,592,9,9,[9],Student
1,593,433,433,[433],Student
1,594,9,9,[9],Student
1,595,375,375,[375],Student
1,596,41,41,[41],Student
1,597,9,9,[9],Student
1,598,70,70,[70],Student
1,599,616,616,[616],Student
1,600,9,9,[9],Student
1,601,9,9,[9],Student
1,602,25,25,[25],Student
1,603,9,9,[9],Student
1,604,514,514,[514],Student
1,605,617,617,[617],Student
1,606,268,268,[268],Student
1,607,10,10,[10],Student
1,608,12,12,[12],Student
1,609,229,229,[229],Student
1,610,159,159,[159],Student
1,611,381,381,[381],Student
1,612,140,140,[140],Student
1,613,237,237,[237],Student
1,614,70,70,[70],Student
1,615,53,53,[53],Student
1,616,25,25,[25],Student
1,617,378,378,[378],Student
1,618,399,399,[399],Student
1,619,600,600,[600],Student
1,620,268,268,[268],Student
1,621,397,397,[397],Student
1,622,181,181,[181],Student
1,623,25,25,[25],Student
1,624,230,230,[230],Student
1,625,617,617,[617],Student
1,626,441,441,[441],Student
1,627,57,57,[57],Student
1,628,173,173,[173],Student
1,629,291,291,[291],Student
1,630,40,40,[40],Student
1,631,9,9,[9],Student
1,632,206,206,[206],Student
1,633,9,9,[9],Student
1,634,510,510,[510],Student
1,635,380,380,[380],Student
1,636,617,617,[617],Student
1,637,25,25,[25],Student
1,638,585,585,[585],Student
1,639,25,25,[25],Student
1,640,140,140,[140],Student
1,641,229,229,[229],Student
1,642,400,400,[400],Student
1,643,583,583,[583],Student
1,644,25,25,[25],Student
1,645,25,25,[25],Student
1,646,173,173,[173],Student
1,647,583,583,[583],Student
1,648,25,25,[25],Student
1,649,140,140,[140],Student
1,650,436,436,[436],Student
1,651,619,619,[619],Student
1,652,268,268,[268],Student
1,653,42,42,[42],Student
1,654,25,25,[25],Student
1,655,56,56,[56],Student
1,656,28,28,[28],Student
1,657,443,443,[443],Student
1,658,45,45,[45],Student
1,659,9,9,[9],Student
1,660,600,600,[600],Student
1,661,25,25,[25],Student
1,662,70,70,[70],Student
1,663,600,600,[600],Student
1,664,378,378,[378],Student
1,665,619,619,[619],Student
1,666,25,25,[25],Student
1,667,9,9,[9],Student
1,668,611,611,[611],Student
1,669,209,209,[209],Student
1,670,516,516,[516],Student
1,671,25,25,[25],Student
1,672,600,600,[600],Student
1,673,206,206,[206],Student
1,674,490,490,[490],Student
1,675,55,55,[55],Student
1,676,42,42,[42],Student
1,677,619,619,[619],Student
1,678,25,25,[25],Student
1,679,9,9,[9],Student
1,680,380,380,[380],Student
1,681,401,401,[401],Student
1,682,624,624,[624],Student
1,683,25,25,[25],Student
1,684,206,206,[206],Student
1,685,245,245,[245],Student
1,686,9,9,[9],Student
1,687,40,40,[40],Student
1,688,9,9,[9],Student
1,689,25,25,[25],Student
1,690,25,25,[25],Student
1,691,514,514,[514],Student
1,692,159,159,[159],Student
1,693,9,9,[9],Student
1,694,545,545,[545],Student
1,695,25,25,[25],Student
1,696,469,469,[469],Student
1,697,215,215,[215],Student
1,698,9,9,[9],Student
1,699,25,25,[25],Student
1,700,25,25,[25],Student
1,701,45,45,[45],Student
1,702,9,9,[9],Student
1,703,245,245,[245],Student
1,704,78,78,[78],Student
1,705,399,399,[399],Student
1,706,9,9,[9],Student
1,707,209,209,[209],Student
1,708,413,413,[413],Student
1,709,397,397,[397],Student
1,710,9,9,[9],Student
1,711,26,26,[26],Student
1,712,233,233,[233],Student
1,713,55,55,[55],Student
1,714,598,598,[598],Student
1,715,210,210,[210],Student
1,716,380,380,[380],Student
1,717,617,617,[617],Student
1,718,268,268,[268],Student
1,719,610,610,[610],Student
1,720,396,396,[396],Student
1,721,173,173,[173],Student
1,722,469,469,[469],Student
1,723,349,349,[349],Student
1,724,40,40,[40],Student
1,725,9,9,[9],Student
1,726,268,268,[268],Student
1,727,46,46,[46],Student
1,728,140,140,[140],Student
1,729,69,69,[69],Student
1,730,441,441,[441],Student
1,731,617,617,[617],Student
1,732,46,46,[46],Student
1,733,619,619,[619],Student
1,734,173,173,[173],Student
1,735,9,9,[9],Student
1,736,469,469,[469],Student
1,737,25,25,[25],Student
1,738,514,514,[514],Student
1,739,45,45,[45],Student
1,740,268,268,[268],Student
1,741,53,53,[53],Student
1,742,381,381,[381],Student
1,743,234,234,[234],Student
1,744,140,140,[140],Student
1,745,209,209,[209],Student
1,746,42,42,[42],Student
1,747,9,9,[9],Student
1,748,45,45,[45],Student
1,749,237,237,[237],Student
1,750,583,583,[583],Student
1,751,291,291,[291],Student
1,752,585,585,[585],Student
1,753,237,237,[237],Student
1,754,412,412,[412],Student
1,755,140,140,[140],Student
1,756,585,585,[585],Student
1,757,233,233,[233],Student
1,758,46,46,[46],Student
1,759,9,9,[9],Student
1,760,400,400,[400],Student
1,761,11,11,[11],Student
1,762,619,619,[619],Student
1,763,413,413,[413],Student
1,764,9,9,[9],Student
1,765,9,9,[9],Student
1,766,62,62,[62],Student
1,767,400,400,[400],Student
1,768,209,209,[209],Student
1,769,268,268,[268],Student
1,770,619,619,[619],Student
1,771,245,245,[245],Student
1,772,377,377,[377],Student
1,773,380,380,[380],Student
1,774,545,545,[545],Student
1,775,53,53,[53],Student
1,776,583,583,[583],Student
1,777,29,29,[29],Student
1,778,209,209,[209],Student
1,779,469,469,[469],Student
1,780,28,28,[28],Student
1,781,585,585,[585],Student
1,782,25,25,[25],Student
1,783,26,26,[26],Student
1,784,469,469,[469],Student
1,785,600,600,[600],Student
1,786,41,41,[41],Student
1,787,441,441,[441],Student
1,788,9,9,[9],Student
1,789,436,436,[436],Student
1,790,9,9,[9],Student
1,791,43,43,[43],Student
1,792,514,514,[514],Student
1,793,9,9,[9],Student
1,794,433,433,[433],Student
1,795,584,584,[584],Student
1,796,303,303,[303],Student
1,797,40,40,[40],Student
1,798,9,9,[9],Student
1,799,9,9,[9],Student
1,800,397,397,[397],Student
1,801,28,28,[28],Student
1,802,237,237,[237],Student
1,803,598,598,[598],Student
1,804,291,291,[291],Student
1,805,491,491,[491],Student
1,806,9,9,[9],Student
1,807,605,605,[605],Student
1,808,25,25,[25],Student
1,809,619,619,[619],Student
1,810,25,25,[25],Student
1,811,25,25,[25],Student
1,812,9,9,[9],Student
1,813,9,9,[9],Student
1,814,40,40,[40],Student
1,815,291,291,[291],Student
1,816,303,303,[303],Student
1,817,237,237,[237],Student
1,818,234,234,[234],Student
1,819,56,56,[56],Student
1,820,375,375,[375],Student
1,821,605,605,[605],Student
1,822,445,445,[445],Student
1,823,583,583,[583],Student
1,824,25,25,[25],Student
1,825,25,25,[25],Student
1,826,9,9,[9],Student
1,827,585,585,[585],Student
1,828,374,374,[374],Student
1,829,619,619,[619],Student
1,830,209,209,[209],Student
1,831,237,237,[237],Student
1,832,377,377,[377],Student
1,833,375,375,[375],Student
1,834,46,46,[46],Student
1,835,257,257,[257],Student
1,836,396,396,[396],Student
1,837,9,9,[9],Student
1,838,166,166,[166],Student
1,839,237,237,[237],Student
1,840,229,229,[229],Student
1,841,154,154,[154],Student
1,842,304,304,[304],Student
1,843,209,209,[209],Student
1,844,9,9,[9],Student
1,845,9,9,[9],Student
1,846,617,617,[617],Student
1,847,46,46,[46],Student
1,848,25,25,[25],Student
1,849,215,215,[215],Student
1,850,69,69,[69],Student
1,851,606,606,[606],Student
1,852,583,583,[583],Student
1,853,25,25,[25],Student
1,854,600,600,[600],Student
1,855,159,159,[159],Student
1,856,25,25,[25],Student
1,857,9,9,[9],Student
1,858,600,600,[600],Student
1,859,9,9,[9],Student
1,860,27,27,[27],Student
1,861,583,583,[583],Student
1,862,380,380,[380],Student
1,863,25,25,[25],Student
1,864,9,9,[9],Student
1,865,181,181,[181],Student
1,866,45,45,[45],Student
1,867,237,237,[237],Student
1,868,515,515,[515],Student
1,869,25,25,[25],Student
1,870,401,401,[401],Student
1,871,25,25,[25],Student
1,872,268,268,[268],Student
1,873,25,25,[25],Student
1,874,254,254,[254],Student
1,875,545,545,[545],Student
1,876,25,25,[25],Student
1,877,31,31,[31],Student
1,878,42,42,[42],Student
1,879,25,25,[25],Student
1,880,55,55,[55],Student
1,881,154,154,[154],Student
1,882,140,140,[140],Student
1,883,9,9,[9],Student
1,884,236,236,[236],Student
1,885,375,375,[375],Student
1,886,25,25,[25],Student
1,887,9,9,[9],Student
1,888,140,140,[140],Student
1,889,617,617,[617],Student
1,890,70,70,[70],Student
1,891,237,237,[237],Student
1,892,25,25,[25],Student
1,893,435,435,[435],Student
1,894,9,9,[9],Student
1,895,17,17,[17],Student
1,896,25,25,[25],Student
1,897,514,514,[514],Student
1,898,9,9,[9],Student
1,899,25,25,[25],Student
1,900,140,140,[140],Student
1,901,206,206,[206],Student
1,902,53,53,[53],Student
1,903,234,234,[234],Student
1,904,25,25,[25],Student
1,905,378,378,[378],Student
1,906,380,380,[380],Student
1,907,140,140,[140],Student
1,908,399,399,[399],Student
1,909,245,245,[245],Student
1,910,9,9,[9],Student
1,911,9,9,[9],Student
1,912,617,617,[617],Student
1,913,618,618,[618],Student
1,914,25,25,[25],Student
1,915,25,25,[25],Student
1,916,166,166,[166],Student
1,917,377,377,[377],Student
1,918,377,377,[377],Student
1,919,231,231,[231],Student
1,920,9,9,[9],Student
1,921,9,9,[9],Student
1,922,140,140,[140],Student
1,923,600,600,[600],Student
1,924,245,245,[245],Student
1,925,9,9,[9],Student
1,926,234,234,[234],Student
1,927,45,45,[45],Student
1,928,600,600,[600],Student
1,929,237,237,[237],Student
1,930,514,514,[514],Student
1,931,55,55,[55],Student
1,932,600,600,[600],Student
1,933,380,380,[380],Student
1,934,53,53,[53],Student
1,935,349,349,[349],Student
1,936,140,140,[140],Student
1,937,574,574,[574],Student
1,938,397,397,[397],Student
1,939,9,9,[9],Student
1,940,173,173,[173],Student
1,941,399,399,[399],Student
1,942,25,25,[25],Student
1,943,42,42,[42],Student
1,944,43,43,[43],Student
1,945,237,237,[237],Student
1,946,9,9,[9],Student
1,947,491,491,[491],Student
1,948,377,377,[377],Student
1,949,441,441,[441],Student
1,950,515,515,[515],Student
1,951,619,619,[619],Student
1,952,378,378,[378],Student
1,953,380,380,[380],Student
1,954,237,237,[237],Student
1,955,9,9,[9],Student
1,956,624,624,[624],Student
1,957,25,25,[25],Student
1,958,491,491,[491],Student
1,959,9,9,[9],Student
1,960,25,25,[25],Student
1,961,209,209,[209],Student
1,962,583,583,[583],Student
1,963,291,291,[291],Student
1,964,469,469,[469],Student
1,965,166,166,[166],Student
1,966,45,45,[45],Student
1,967,443,443,[443],Student
1,968,9,9,[9],Student
1,969,9,9,[9],Student
1,970,53,53,[53],Student
1,971,396,396,[396],Student
1,972,545,545,[545],Student
1,973,9,9,[9],Student
1,974,421,421,[421],Student
1,975,206,206,[206],Student
1,976,268,268,[268],Student
1,977,378,378,[378],Student
1,978,53,53,[53],Student
1,979,25,25,[25],Student
1,980,378,378,[378],Student
1,981,9,9,[9],Student
1,982,349,349,[349],Student
1,983,234,234,[234],Student
1,984,237,237,[237],Student
1,985,398,398,[398],Student
1,986,291,291,[291],Student
1,987,268,268,[268],Student
1,988,514,514,[514],Student
1,989,9,9,[9],Student
1,990,301,301,[301],Student
1,991,400,400,[400],Student
1,992,421,421,[421],Student
1,993,600,600,[600],Student
1,994,140,140,[140],Student
1,995,53,53,[53],Student
1,996,421,421,[421],Student
1,997,515,515,[515],Student
1,998,618,618,[618],Student
1,999,583,583,[583],Student
1,1000,233,233,[233],Academic
1,1001,396,396,[396],Academic
1,1002,619,619,[619],Academic
1,1003,43,43,[43],Academic
1,1004,515,515,[515],Academic
1,1005,400,400,[400],Academic
1,1006,53,53,[53],Academic
1,1007,441,441,[441],Academic
1,1008,234,234,[234],Academic
1,1009,9,9,[9],Academic
1,1010,140,140,[140],Academic
1,1011,435,435,[435],Academic
1,1012,25,25,[25],Academic
1,1013,9,9,[9],Academic
1,1014,25,25,[25],Academic
1,1015,381,381,[381],Academic
1,1016,140,140,[140],Academic
1,1017,585,585,[585],Academic
1,1018,53,53,[53],Academic
1,1019,210,210,[210],Academic
1,1020,412,412,[412],Academic
1,1021,377,377,[377],Academic
1,1022,43,43,[43],Academic
1,1023,9,9,[9],Academic
1,1024,229,229,[229],Academic
1,1025,25,25,[25],Academic
1,1026,583,583,[583],Academic
1,1027,600,600,[600],Academic
1,1028,25,25,[25],Academic
1,1029,25,25,[25],Academic
1,1030,9,9,[9],Academic
1,1031,140,140,[140],Academic
1,1032,55,55,[55],Academic
1,1033,441,441,[441],Academic
1,1034,584,584,[584],Academic
1,1035,17,17,[17],Academic
1,1036,40,40,[40],Academic
1,1037,25,25,[25],Academic
1,1038,619,619,[619],Academic
1,1039,53,53,[53],Academic
1,1040,600,600,[600],Academic
1,1041,618,618,[618],Academic
1,1042,514,514,[514],Academic
1,1043,618,618,[618],Academic
1,1044,379,379,[379],Academic
1,1045,69,69,[69],Academic
1,1046,9,9,[9],Academic
1,1047,28,28,[28],Academic
1,1048,53,53,[53],Academic
1,1049,254,254,[254],Academic
1,1050,514,514,[514],Academic
1,1051,25,25,[25],Academic
1,1052,209,209,[209],Academic
1,1053,436,436,[436],Academic
1,1054,9,9,[9],Academic
1,1055,25,25,[25],Academic
1,1056,237,237,[237],Academic
1,1057,9,9,[9],Academic
1,1058,397,397,[397],Academic
1,1059,618,618,[618],Academic
1,1060,619,619,[619],Academic
1,1061,53,53,[53],Academic
1,1062,231,231,[231],Academic
1,1063,55,55,[55],Academic
1,1064,25,25,[25],Academic
1,1065,234,234,[234],Academic
1,1066,9,9,[9],Academic
1,1067,45,45,[45],Academic
1,1068,291,291,[291],Academic
1,1069,25,25,[25],Academic
1,1070,398,398,[398],Academic
1,1071,379,379,[379],Academic
1,1072,9,9,[9],Academic
1,1073,55,55,[55],Academic
1,1074,234,234,[234],Academic
1,1075,600,600,[600],Academic
1,1076,154,154,[154],Academic
1,1077,9,9,[9],Academic
1,1078,380,380,[380],Academic
1,1079,400,400,[400],Academic
1,1080,441,441,[441],Academic
1,1081,9,9,[9],Academic
1,1082,0,0,[0],Academic
1,1083,159,159,[159],Academic
1,1084,25,25,[25],Academic
1,1085,585,585,[585],Academic
1,1086,9,9,[9],Academic
1,1087,209,209,[209],Academic
1,1088,9,9,[9],Academic
1,1089,9,9,[9],Academic
1,1090,9,9,[9],Academic
1,1091,400,400,[400],Academic
1,1092,303,303,[303],Academic
1,1093,396,396,[396],Academic
1,1094,349,349,[349],Academic
1,1095,349,349,[349],Academic
1,1096,45,45,[45],Academic
1,1097,263,263,[263],Academic
1,1098,469,469,[469],Academic
1,1099,46,46,[46],Academic
1,1100,9,9,[9],Academic
1,1101,9,9,[9],Academic
1,1102,469,469,[469],Academic
1,1103,25,25,[25],Academic
1,1104,435,435,[435],Academic
1,1105,140,140,[140],Academic
1,1106,9,9,[9],Academic
1,1107,25,25,[25],Academic
1,1108,25,25,[25],Academic
1,1109,45,45,[45],Academic
1,1110,9,9,[9],Academic
1,1111,245,245,[245],Academic
1,1112,377,377,[377],Academic
1,1113,600,600,[600],Academic
1,1114,600,600,[600],Academic
1,1115,598,598,[598],Academic
1,1116,25,25,[25],Academic
1,1117,380,380,[380],Academic
1,1118,56,56,[56],Academic
1,1119,25,25,[25],Academic
1,1120,43,43,[43],Academic
1,1121,40,40,[40],Academic
1,1122,233,233,[233],Academic
1,1123,159,159,[159],Academic
1,1124,25,25,[25],Academic
1,1125,26,26,[26],Academic
1,1126,53,53,[53],Academic
1,1127,303,303,[303],Academic
1,1128,46,46,[46],Academic
1,1129,600,600,[600],Academic
1,1130,268,268,[268],Academic
1,1131,233,233,[233],Academic
1,1132,45,45,[45],Academic
1,1133,25,25,[25],Academic
1,1134,619,619,[619],Academic
1,1135,600,600,[600],Academic
1,1136,9,9,[9],Academic
1,1137,304,304,[304],Academic
1,1138,249,249,[249],Academic
1,1139,619,619,[619],Academic
1,1140,25,25,[25],Academic
1,1141,25,25,[25],Academic
1,1142,598,598,[598],Academic
1,1143,9,9,[9],Academic
1,1144,294,294,[294],Academic
1,1145,291,291,[291],Academic
1,1146,25,25,[25],Academic
1,1147,268,268,[268],Academic
1,1148,257,257,[257],Academic
1,1149,53,53,[53],Academic
1,1150,583,583,[583],Academic
1,1151,302,302,[302],Academic
1,1152,25,25,[25],Academic
1,1153,9,9,[9],Academic
1,1154,9,9,[9],Academic
1,1155,45,45,[45],Academic
1,1156,605,605,[605],Academic
1,1157,619,619,[619],Academic
1,1158,349,349,[349],Academic
1,1159,349,349,[349],Academic
1,1160,9,9,[9],Academic
1,1161,380,380,[380],Academic
1,1162,45,45,[45],Academic
1,1163,268,268,[268],Academic
1,1164,28,28,[28],Academic
1,1165,237,237,[237],Academic
1,1166,584,584,[584],Academic
1,1167,40,40,[40],Academic
1,1168,9,9,[9],Academic
1,1169,25,25,[25],Academic
1,1170,173,173,[173],Academic
1,1171,25,25,[25],Academic
1,1172,10,10,[10],Academic
1,1173,583,583,[583],Academic
1,1174,377,377,[377],Academic
1,1175,624,624,[624],Academic
1,1176,375,375,[375],Academic
1,1177,69,69,[69],Academic
1,1178,375,375,[375],Academic
1,1179,515,515,[515],Academic
1,1180,9,9,[9],Academic
1,1181,41,41,[41],Academic
1,1182,9,9,[9],Academic
1,1183,25,25,[25],Academic
1,1184,25,25,[25],Academic
1,1185,618,618,[618],Academic
1,1186,209,209,[209],Academic
1,1187,469,469,[469],Academic
1,1188,9,9,[9],Academic
1,1189,398,398,[398],Academic
1,1190,583,583,[583],Academic
1,1191,25,25,[25],Academic
1,1192,45,45,[45],Academic
1,1193,140,140,[140],Academic
1,1194,237,237,[237],Academic
1,1195,233,233,[233],Academic
1,1196,9,9,[9],Academic
1,1197,206,206,[206],Academic
1,1198,9,9,[9],Academic
1,1199,412,412,[412],Academic
1,1200,25,25,[25],Academic
1,1201,28,28,[28],Academic
1,1202,379,379,[379],Academic
1,1203,600,600,[600],Academic
1,1204,231,231,[231],Academic
1,1205,514,514,[514],Academic
1,1206,245,245,[245],Academic
1,1207,441,441,[441],Academic
1,1208,231,231,[231],Academic
1,1209,435,435,[435],Academic
1,1210,41,41,[41],Academic
1,1211,229,229,[229],Academic
1,1212,53,53,[53],Academic
1,1213,25,25,[25],Academic
1,1214,53,53,[53],Academic
1,1215,11,11,[11],Academic
1,1216,377,377,[377],Academic
1,1217,600,600,[600],Academic
1,1218,380,380,[380],Academic
1,1219,375,375,[375],Academic
1,1220,41,41,[41],Academic
1,1221,46,46,[46],Academic
1,1222,9,9,[9],Academic
1,1223,9,9,[9],Academic
1,1224,25,25,[25],Academic
1,1225,514,514,[514],Academic
1,1226,11,11,[11],Academic
1,1227,25,25,[25],Academic
1,1228,514,514,[514],Academic
1,1229,514,514,[514],Academic
1,1230,26,26,[26],Academic
1,1231,233,233,[233],Academic
1,1232,237,237,[237],Academic
1,1233,9,9,[9],Academic
1,1234,619,619,[619],Academic
1,1235,514,514,[514],Academic
1,1236,25,25,[25],Academic
1,1237,10,10,[10],Academic
1,1238,302,302,[302],Academic
1,1239,9,9,[9],Academic
1,1240,25,25,[25],Academic
1,1241,349,349,[349],Academic
1,1242,237,237,[237],Academic
1,1243,398,398,[398],Academic
1,1244,514,514,[514],Academic
1,1245,245,245,[245],Academic
1,1246,397,397,[397],Academic
1,1247,25,25,[25],Academic
1,1248,435,435,[435],Academic
1,1249,25,25,[25],Academic
1,1250,396,396,[396],Academic
1,1251,398,398,[398],Academic
1,1252,27,27,[27],Academic
1,1253,25,25,[25],Academic
1,1254,514,514,[514],Academic
1,1255,25,25,[25],Academic
1,1256,583,583,[583],Academic
1,1257,257,257,[257],Academic
1,1258,25,25,[25],Academic
1,1259,46,46,[46],Academic
1,1260,396,396,[396],Academic
1,1261,619,619,[619],Academic
1,1262,209,209,[209],Academic
1,1263,209,209,[209],Academic
1,1264,476,476,[476],Academic
1,1265,443,443,[443],Academic
1,1266,378,378,[378],Academic
1,1267,209,209,[209],Academic
1,1268,173,173,[173],Academic
1,1269,209,209,[209],Academic
1,1270,9,9,[9],Academic
1,1271,435,435,[435],Academic
1,1272,180,180,[180],Academic
1,1273,514,514,[514],Academic
1,1274,9,9,[9],Academic
1,1275,234,234,[234],Academic
1,1276,9,9,[9],Academic
1,1277,25,25,[25],Academic
1,1278,10,10,[10],Academic
1,1279,583,583,[583],Academic
1,1280,9,9,[9],Academic
1,1281,381,381,[381],Academic
1,1282,140,140,[140],Academic
1,1283,9,9,[9],Academic
1,1284,9,9,[9],Academic
1,1285,9,9,[9],Academic
1,1286,9,9,[9],Academic
1,1287,140,140,[140],Academic
1,1288,215,215,[215],Academic
1,1289,619,619,[619],Academic
1,1290,516,516,[516],Academic
1,1291,268,268,[268],Academic
1,1292,585,585,[585],Academic
1,1293,230,230,[230],Academic
1,1294,181,181,[181],Academic
1,1295,25,25,[25],Academic
1,1296,513,513,[513],Academic
1,1297,435,435,[435],Academic
1,1298,25,25,[25],Academic
1,1299,9,9,[9],Academic
1,1300,9,9,[9],Academic
1,1301,173,173,[173],Academic
1,1302,209,209,[209],Academic
1,1303,443,443,[443],Academic
1,1304,435,435,[435],Academic
1,1305,53,53,[53],Academic
1,1306,380,380,[380],Academic
1,1307,12,12,[12],Academic
1,1308,25,25,[25],Academic
1,1309,25,25,[25],Academic
1,1310,515,515,[515],Academic
1,1311,12,12,[12],Academic
1,1312,9,9,[9],Academic
1,1313,44,44,[44],Academic
1,1314,401,401,[401],Academic
1,1315,514,514,[514],Academic
1,1316,25,25,[25],Academic
1,1317,469,469,[469],Academic
1,1318,619,619,[619],Academic
1,1319,617,617,[617],Academic
1,1320,377,377,[377],Academic
1,1321,9,9,[9],Academic
1,1322,229,229,[229],Academic
1,1323,583,583,[583],Academic
1,1324,55,55,[55],Academic
1,1325,42,42,[42],Academic
1,1326,231,231,[231],Academic
1,1327,9,9,[9],Academic
1,1328,233,233,[233],Academic
1,1329,25,25,[25],Academic
1,1330,233,233,[233],Academic
1,1331,25,25,[25],Academic
1,1332,11,11,[11],Academic
1,1333,9,9,[9],Academic
1,1334,25,25,[25],Academic
1,1335,435,435,[435],Academic
1,1336,378,378,[378],Academic
1,1337,469,469,[469],Academic
1,1338,443,443,[443],Academic
1,1339,25,25,[25],Academic
1,1340,9,9,[9],Academic
1,1341,404,404,[404],Academic
1,1342,234,234,[234],Academic
1,1343,25,25,[25],Academic
1,1344,9,9,[9],Academic
1,1345,28,28,[28],Academic
1,1346,45,45,[45],Academic
1,1347,173,173,[173],Academic
1,1348,25,25,[25],Academic
1,1349,443,443,[443],Academic
1,1350,234,234,[234],Academic
1,1351,399,399,[399],Academic
1,1352,9,9,[9],Academic
1,1353,53,53,[53],Academic
1,1354,268,268,[268],Academic
1,1355,9,9,[9],Academic
1,1356,268,268,[268],Academic
1,1357,25,25,[25],Academic
1,1358,9,9,[9],Academic
1,1359,9,9,[9],Academic
1,1360,619,619,[619],Academic
1,1361,9,9,[9],Academic
1,1362,12,12,[12],Academic
1,1363,9,9,[9],Academic
1,1364,445,445,[445],Academic
1,1365,28,28,[28],Academic
1,1366,626,626,[626],Academic
1,1367,268,268,[268],Academic
1,1368,53,53,[53],Academic
1,1369,9,9,[9],Academic
1,1370,25,25,[25],Academic
1,1371,413,413,[413],Academic
1,1372,435,435,[435],Academic
1,1373,25,25,[25],Academic
1,1374,607,607,[607],Academic
1,1375,46,46,[46],Academic
1,1376,514,514,[514],Academic
1,1377,469,469,[469],Academic
1,1378,235,235,[235],Academic
1,1379,25,25,[25],Academic
1,1380,600,600,[600],Academic
1,1381,291,291,[291],Academic
1,1382,70,70,[70],Academic
1,1383,25,25,[25],Academic
1,1384,396,396,[396],Academic
1,1385,516,516,[516],Academic
1,1386,40,40,[40],Academic
1,1387,9,9,[9],Academic
1,1388,173,173,[173],Academic
1,1389,9,9,[9],Academic
1,1390,9,9,[9],Academic
1,1391,469,469,[469],Academic
1,1392,514,514,[514],Academic
1,1393,397,397,[397],Academic
1,1394,25,25,[25],Academic
1,1395,301,301,[301],Academic
1,1396,584,584,[584],Academic
1,1397,574,574,[574],Academic
1,1398,396,396,[396],Academic
1,1399,70,70,[70],Academic
1,1400,25,25,[25],Staff
1,1401,11,11,[11],Staff
1,1402,349,349,[349],Staff
1,1403,268,268,[268],Staff
1,1404,523,523,[523],Staff
1,1405,9,9,[9],Staff
1,1406,237,237,[237],Staff
1,1407,9,9,[9],Staff
1,1408,514,514,[514],Staff
1,1409,9,9,[9],Staff
1,1410,9,9,[9],Staff
1,1411,234,234,[234],Staff
1,1412,9,9,[9],Staff
1,1413,140,140,[140],Staff
1,1414,25,25,[25],Staff
1,1415,245,245,[245],Staff
1,1416,378,378,[378],Staff
1,1417,9,9,[9],Staff
1,1418,209,209,[209],Staff
1,1419,56,56,[56],Staff
1,1420,234,234,[234],Staff
1,1421,9,9,[9],Staff
1,1422,231,231,[231],Staff
1,1423,26,26,[26],Staff
1,1424,173,173,[173],Staff
1,1425,44,44,[44],Staff
1,1426,25,25,[25],Staff
1,1427,140,140,[140],Staff
1,1428,433,433,[433],Staff
1,1429,583,583,[583],Staff
1,1430,237,237,[237],Staff
1,1431,233,233,[233],Staff
1,1432,441,441,[441],Staff
1,1433,401,401,[401],Staff
1,1434,25,25,[25],Staff
1,1435,28,28,[28],Staff
1,1436,234,234,[234],Staff
1,1437,28,28,[28],Staff
1,1438,583,583,[583],Staff
1,1439,377,377,[377],Staff
1,1440,435,435,[435],Staff
1,1441,9,9,[9],Staff
1,1442,26,26,[26],Staff
1,1443,9,9,[9],Staff
1,1444,25,25,[25],Staff
1,1445,9,9,[9],Staff
1,1446,237,237,[237],Staff
1,1447,159,159,[159],Staff
1,1448,396,396,[396],Staff
1,1449,233,233,[233],Staff
1,1450,9,9,[9],Staff
1,1451,25,25,[25],Staff
1,1452,515,515,[515],Staff
1,1453,26,26,[26],Staff
1,1454,469,469,[469],Staff
1,1455,302,302,[302],Staff
1,1456,25,25,[25],Staff
1,1457,9,9,[9],Staff
1,1458,9,9,[9],Staff
1,1459,9,9,[9],Staff
1,1460,291,291,[291],Staff
1,1461,9,9,[9],Staff
1,1462,9,9,[9],Staff
1,1463,25,25,[25],Staff
1,1464,349,349,[349],Staff
1,1465,245,245,[245],Staff
1,1466,291,291,[291],Staff
1,1467,254,254,[254],Staff
1,1468,9,9,[9],Staff
1,1469,40,40,[40],Staff
1,1470,514,514,[514],Staff
1,1471,231,231,[231],Staff
1,1472,46,46,[46],Staff
1,1473,9,9,[9],Staff
1,1474,349,349,[349],Staff
1,1475,237,237,[237],Staff
1,1476,12,12,[12],Staff
1,1477,55,55,[55],Staff
1,1478,9,9,[9],Staff
1,1479,445,445,[445],Staff
1,1480,173,173,[173],Staff
1,1481,514,514,[514],Staff
1,1482,9,9,[9],Staff
1,1483,9,9,[9],Staff
1,1484,45,45,[45],Staff
1,1485,140,140,[140],Staff
1,1486,53,53,[53],Staff
1,1487,237,237,[237],Staff
1,1488,25,25,[25],Staff
1,1489,600,600,[600],Staff
1,1490,401,401,[401],Staff
1,1491,268,268,[268],Staff
1,1492,40,40,[40],Staff
1,1493,304,304,[304],Staff
1,1494,469,469,[469],Staff
1,1495,304,304,[304],Staff
1,1496,26,26,[26],Staff
1,1497,29,29,[29],Staff
1,1498,9,9,[9],Staff
1,1499,9,9,[9],Staff
1,1500,25,25,[25],Staff
1,1501,254,254,[254],Staff
1,1502,9,9,[9],Staff
1,1503,9,9,[9],Staff
1,1504,600,600,[600],Staff
1,1505,26,26,[26],Staff
1,1506,26,26,[26],Staff
1,1507,237,237,[237],Staff
1,1508,380,380,[380],Staff
1,1509,380,380,[380],Staff
1,1510,598,598,[598],Staff
1,1511,349,349,[349],Staff
1,1512,9,9,[9],Staff
1,1513,40,40,[40],Staff
1,1514,55,55,[55],Staff
1,1515,25,25,[25],Staff
1,1516,233,233,[233],Staff
1,1517,377,377,[377],Staff
1,1518,435,435,[435],Staff
1,1519,9,9,[9],Staff
1,1520,396,396,[396],Staff
1,1521,396,396,[396],Staff
1,1522,545,545,[545],Staff
1,1523,263,263,[263],Staff
1,1524,234,234,[234],Staff
1,1525,9,9,[9],Staff
1,1526,291,291,[291],Staff
1,1527,514,514,[514],Staff
1,1528,490,490,[490],Staff
1,1529,140,140,[140],Staff
1,1530,443,443,[443],Staff
1,1531,598,598,[598],Staff
1,1532,181,181,[181],Staff
1,1533,53,53,[53],Staff
1,1534,268,268,[268],Staff
1,1535,159,159,[159],Staff
1,1536,25,25,[25],Staff
1,1537,42,42,[42],Staff
1,1538,28,28,[28],Staff
1,1539,624,624,[624],Staff
1,1540,514,514,[514],Staff
1,1541,619,619,[619],Staff
1,1542,181,181,[181],Staff
1,1543,380,380,[380],Staff
1,1544,9,9,[9],Staff
1,1545,413,413,[413],Staff
1,1546,600,600,[600],Staff
1,1547,514,514,[514],Staff
1,1548,9,9,[9],Staff
1,1549,396,396,[396],Staff
1,1550,377,377,[377],Staff
1,1551,234,234,[234],Staff
1,1552,421,421,[421],Staff
1,1553,469,469,[469],Staff
1,1554,28,28,[28],Staff
1,1555,516,516,[516],Staff
1,1556,173,173,[173],Staff
1,1557,349,349,[349],Staff
1,1558,515,515,[515],Staff
1,1559,619,619,[619],Staff
1,1560,45,45,[45],Staff
1,1561,11,11,[11],Staff
1,1562,9,9,[9],Staff
1,1563,234,234,[234],Staff
1,1564,619,619,[619],Staff
1,1565,380,380,[380],Staff
1,1566,514,514,[514],Staff
1,1567,45,45,[45],Staff
1,1568,237,237,[237],Staff
1,1569,585,585,[585],Staff
1,1570,583,583,[583],Staff
1,1571,583,583,[583],Staff
1,1572,9,9,[9],Staff
1,1573,380,380,[380],Staff
1,1574,206,206,[206],Staff
1,1575,55,55,[55],Staff
1,1576,617,617,[617],Staff
1,1577,25,25,[25],Staff
1,1578,514,514,[514],Staff
1,1579,619,619,[619],Staff
1,1580,441,441,[441],Staff
1,1581,209,209,[209],Staff
1,1582,234,234,[234],Staff
1,1583,9,9,[9],Staff
1,1584,433,433,[433],Staff
1,1585,27,27,[27],Staff
1,1586,40,40,[40],Staff
1,1587,25,25,[25],Staff
1,1588,619,619,[619],Staff
1,1589,291,291,[291],Staff
1,1590,25,25,[25],Staff
1,1591,600,600,[600],Staff
1,1592,55,55,[55],Staff
1,1593,9,9,[9],Staff
1,1594,237,237,[237],Staff
1,1595,9,9,[9],Staff
1,1596,9,9,[9],Staff
1,1597,9,9,[9],Staff
1,1598,400,400,[400],Staff
1,1599,9,9,[9],Staff
1,1600,435,435,[435],Staff
1,1601,25,25,[25],Staff
1,1602,9,9,[9],Staff
1,1603,378,378,[378],Staff
1,1604,268,268,[268],Staff
1,1605,234,234,[234],Staff
1,1606,584,584,[584],Staff
1,1607,233,233,[233],Staff
1,1608,147,147,[147],Staff
1,1609,233,233,[233],Staff
1,1610,234,234,[234],Staff
1,1611,399,399,[399],Staff
1,1612,375,375,[375],Staff
1,1613,254,254,[254],Staff
1,1614,606,606,[606],Staff
1,1615,231,231,[231],Staff
1,1616,9,9,[9],Staff
1,1617,545,545,[545],Staff
1,1618,600,600,[600],Staff
1,1619,377,377,[377],Staff
1,1620,400,400,[400],Staff
1,1621,9,9,[9],Staff
1,1622,245,245,[245],Staff
1,1623,9,9,[9],Staff
1,1624,441,441,[441],Staff
1,1625,401,401,[401],Staff
1,1626,545,545,[545],Staff
1,1627,9,9,[9],Staff
1,1628,25,25,[25],Staff
1,1629,514,514,[514],Staff
1,1630,304,304,[304],Staff
1,1631,378,378,[378],Staff
1,1632,46,46,[46],Staff
1,1633,516,516,[516],Staff
1,1634,9,9,[9],Staff
1,1635,378,378,[378],Staff
1,1636,594,594,[594],Staff
1,1637,9,9,[9],Staff
1,1638,583,583,[583],Staff
1,1639,231,231,[231],Staff
1,1640,619,619,[619],Staff
1,1641,515,515,[515],Staff
1,1642,404,404,[404],Staff
1,1643,617,617,[617],Staff
1,1644,600,600,[600],Staff
1,1645,53,53,[53],Staff
1,1646,436,436,[436],Staff
1,1647,9,9,[9],Staff
1,1648,10,10,[10],Staff
1,1649,237,237,[237],Staff
1,1650,25,25,[25],Staff
1,1651,209,209,[209],Staff
1,1652,600,600,[600],Staff
1,1653,617,617,[617],Staff
1,1654,25,25,[25],Staff
1,1655,27,27,[27],Staff
1,1656,209,209,[209],Staff
1,1657,25,25,[25],Staff
1,1658,380,380,[380],Staff
1,1659,234,234,[234],Staff
1,1660,514,514,[514],Staff
1,1661,9,9,[9],Staff
1,1662,40,40,[40],Staff
1,1663,25,25,[25],Staff
1,1664,583,583,[583],Staff
1,1665,378,378,[378],Staff
1,1666,9,9,[9],Staff
1,1667,9,9,[9],Staff
1,1668,237,237,[237],Staff
1,1669,600,600,[600],Staff
1,1670,28,28,[28],Staff
1,1671,375,375,[375],Staff
1,1672,9,9,[9],Staff
1,1673,441,441,[441],Staff
1,1674,469,469,[469],Staff
1,1675,25,25,[25],Staff
1,1676,9,9,[9],Staff
1,1677,436,436,[436],Staff
1,1678,515,515,[515],Staff
1,1679,10,10,[10],Staff
1,1680,53,53,[53],Staff
1,1681,421,421,[421],Staff
1,1682,294,294,[294],Staff
1,1683,583,583,[583],Staff
1,1684,585,585,[585],Staff
1,1685,25,25,[25],Staff
1,1686,28,28,[28],Staff
1,1687,173,173,[173],Staff
1,1688,236,236,[236],Staff
1,1689,377,377,[377],Staff
1,1690,268,268,[268],Staff
1,1691,166,166,[166],Staff
1,1692,245,245,[245],Staff
1,1693,514,514,[514],Staff
1,1694,397,397,[397],Staff
1,1695,25,25,[25],Staff
1,1696,25,25,[25],Staff
1,1697,583,583,[583],Staff
1,1698,584,584,[584],Staff
1,1699,583,583,[583],Staff
